﻿<?xml version="1.0" encoding="utf-8"?>
<Llista_bambes>
  <bamba>
    <id>1</id>
    <model>Babolat sfx</model>
    <marca></marca>
    <descripcio></descripcio>
    <preu></preu>
    <QTA></QTA>
  </bamba>
<bamba>
  <id>2</id>
    <model>bigshot light</model>
    <marca></marca>
    <descripcio></descripcio>
    <preu></preu>
    <QTA></QTA>
  </bamba>
<bamba>
  <id>3</id>
    <model>Nike Lunar Ballistec 1.5</model>
    <marca></marca>
    <descripcio></descripcio>
    <preu></preu>
    <QTA></QTA>
  </bamba>
<bamba>
  <id>4</id>
    <model>Nike Zoom Vapor 9.5 Tour Azul</model>
    <marca></marca>
    <descripcio></descripcio>
    <preu></preu>
    <QTA></QTA>
  </bamba>
<bamba>
  <id>5</id>
    <model>Nike Zoom Vapor 9.5 Tour</model>
    <marca></marca>
    <descripcio></descripcio>
    <preu></preu>
    <QTA></QTA>
  </bamba>
<bamba>
  <id>6</id>
    <model>Adidas adizero Y-3 Feather III</model>
    <marca></marca>
    <descripcio></descripcio>
    <preu></preu>
    <QTA></QTA>
  </bamba>
<bamba>
  <id>7</id>
    <model>Adidas Barricade 2015</model>
    <marca></marca>
    <descripcio></descripcio>
    <preu></preu>
    <QTA></QTA>
  </bamba>
</Llista_bambes>
