﻿<?xml version="1.0" encoding="utf-8"?>
<CentreRecanvis>
  <raoSocial>Recanvis girona</raoSocial>
  <nif>41602193T</nif>
  <direcció>avd montilivi</direcció>
  <telèfon>648446767</telèfon>
  <marca>Honda</marca>
  <llistaModels>
  <model>
    <nom>gasxr</nom>
    <cilindrada>750</cilindrada>
    <anyInici>1979</anyInici>
    <anyFinal>2017</anyFinal>
  </model>  
  </llistaModels>
  <llistaRecanvis>
    <recanvi codiMoto="m45 m67">
      <nom>filtre aire</nom>
      <referencia>fa3243432</referencia>
      <pvp>12.4</pvp>
    </recanvi>
  </llistaRecanvis>
</CentreRecanvis>